CEA;;SOLICITUD  DE SERVICIO EXTERNO A LABORATORIO
CEA;;Si requiere más espacios agregue o inserte filas
CEA;;Si requiere más espacios agregue o inserte filas
CEA;;Si requiere más espacios agregue o inserte filas
CEA;;Si requiere más espacios agregue o inserte filas
CEA;;SOLICITUD  DE SERVICIO EXTERNO A LABORATORIO
CEA;;Si requiere más espacios agregue o inserte filas
CEA;;Si requiere más espacios agregue o inserte filas
CEA;;Si requiere más espacios agregue o inserte filas
CEA;;Si requiere más espacios agregue o inserte filas
SGS;;No
SGS;;No
SGS;;No
SGS;;No
SGS;;No
SGS;;No
SGS;;No
SGS;;No
SGS;;No
SGS;;No
ALS;;No
ALS;;No
ALS;;No
ALS;;No
ALS;;No
ALS;;No
ALS;;No
ALS;;No
ALS;;No
ALS;;No
BIODIVERSA;;No
BIODIVERSA;;No
BIODIVERSA;;No
BIODIVERSA;;No
BIODIVERSA;;No
BIODIVERSA;;No
BIODIVERSA;;No
BIODIVERSA;;No
BIODIVERSA;;No
BIODIVERSA;;No
HIDROLAB;;No
HIDROLAB;;No
HIDROLAB;;No
HIDROLAB;;No
HIDROLAB;;No
HIDROLAB;;No
HIDROLAB;;No
HIDROLAB;;No
HIDROLAB;;No
HIDROLAB;;No
AGUAS INDUSTRIALES LTDA;;N°
AGUAS INDUSTRIALES LTDA;;No
AGUAS INDUSTRIALES LTDA;;No
AGUAS INDUSTRIALES LTDA;;No
AGUAS INDUSTRIALES LTDA;;No
AGUAS INDUSTRIALES LTDA;;N°
AGUAS INDUSTRIALES LTDA;;No
AGUAS INDUSTRIALES LTDA;;No
AGUAS INDUSTRIALES LTDA;;No
AGUAS INDUSTRIALES LTDA;;No
