LAB_01;Agua Salar;Entrega de material el 30-04-2015
LAB_02;Agua Salar;Entrega de material el 30-04-2015
LAB_03;Agua Salar;Entrega de material el 30-04-2015
LAB_04;Agua Salar;Entrega de material el 30-04-2015
LAB_01;Agua Salar Dulce;Entrega de material el 30-04-2015
LAB_02;Agua Salar Dulce;Entrega de material el 30-04-2015
LAB_03;Agua Salar Dulce;Entrega de material el 30-04-2015
LAB_04;Agua Salar Dulce;Entrega de material el 30-04-2015
LAB_01;Sedimento Salar;Entrega de material el 30-04-2015
LAB_02;Sedimento Salar;Entrega de material el 30-04-2015
LAB_03;Sedimento Salar;Entrega de material el 30-04-2015
LAB_04;Sedimento Salar;Entrega de material el 30-04-2015
LAB_01;Sedimento Salar Dulce;Entrega de material el 30-04-2015
LAB_02;Sedimento Salar Dulce;Entrega de material el 30-04-2015
LAB_03;Sedimento Salar Dulce;Entrega de material el 30-04-2015
LAB_04;Sedimento Salar Dulce;Entrega de material el 30-04-2015
